{
  "m_current_fallof_type": 0,
  "m_fallof_a": 0.699999988079071,
  "m_fallof_b": 1.0,
  "m_fallof_type": "Square",
  "m_frequency_slider": 0.2150000035762787,
  "m_gain_slider": 0.5,
  "m_humidity_noise_scale": 1.2890000343322754,
  "m_humidity_temperature_increment": 0.9549999833106995,
  "m_lacunatiry_slider": 2.8459999561309814,
  "m_latitude_a": 0.11999999731779099,
  "m_latitude_b": 0.6650000214576721,
  "m_max_elevation": 100.0,
  "m_max_temperature": 40.0,
  "m_max_temperature_at_sea": 25.0,
  "m_max_temperature_latitude": 25.0,
  "m_min_elevation": 0.0,
  "m_min_temperature": -50.0,
  "m_min_temperature_latitude": -50.0,
  "m_octaves_slider": 5,
  "m_pingPongStr_slider": 0.0,
  "m_sea_level": 40.0,
  "m_seed_input": 3,
  "m_size_x": 1500,
  "m_size_y": 1000,
  "m_temperature_a": 0.23199999332427979,
  "m_temperature_altitude_increment": 0.949999988079071,
  "m_temperature_b": 1.0770000219345093,
  "m_temperature_noise_scale": 1.38100004196167,
  "m_use_fallof_map": true,
  "m_weightedStr_slider": 0.0
}
